<rss xmlns:dc="http://purl.org/dc/elements/1.1/" version="2.0" xml:base="https://stg.cesium.di.uminho.pt/">
<channel>
<title> stg cesium </title>
<link>https://stg.cesium.di.uminho.pt/</link>
<description/>
<language>en</language>
<item><title/><link>	https://stg.cesium.di.uminho.pt/mon/video-ecu-e-us.en_tv68.html	</link><description/></item>
<item><title/><link>	https://stg.cesium.di.uminho.pt/mon/video-ecu-e-us.en_tv69.html	</link><description/></item>
<item><title/><link>	https://stg.cesium.di.uminho.pt/mon/video-ecu-e-us.en_tv70.html	</link><description/></item>
<item><title/><link>	https://stg.cesium.di.uminho.pt/mon/video-ecu-e-us.en_tv71.html	</link><description/></item>
<item><title/><link>	https://stg.cesium.di.uminho.pt/mon/video-ecu-e-us.en_tv72.html	</link><description/></item>
<item><title/><link>	https://stg.cesium.di.uminho.pt/mon/video-ecu-e-us.en_tv73.html	</link><description/></item>
<item><title/><link>	https://stg.cesium.di.uminho.pt/mon/video-ecu-e-us.en_tv74.html	</link><description/></item>
<item><title/><link>	https://stg.cesium.di.uminho.pt/mon/video-ecu-e-us.en_tv75.html	</link><description/></item>
<item><title/><link>	https://stg.cesium.di.uminho.pt/mon/video-ecu-e-us.en_tv76.html	</link><description/></item>
<item><title/><link>	https://stg.cesium.di.uminho.pt/mon/video-ecu-e-us.en_tv77.html	</link><description/></item>
<item><title/><link>	https://stg.cesium.di.uminho.pt/mon/video-ecu-e-us.en_tv78.html	</link><description/></item>
<item><title/><link>	https://stg.cesium.di.uminho.pt/mon/video-ven-e-us.en_tv19.html	</link><description/></item>
<item><title/><link>	https://stg.cesium.di.uminho.pt/mon/video-ven-e-us.en_tv20.html	</link><description/></item>
<item><title/><link>	https://stg.cesium.di.uminho.pt/mon/video-ven-e-us.en_tv21.html	</link><description/></item>
<item><title/><link>	https://stg.cesium.di.uminho.pt/mon/video-ven-e-us.en_tv22.html	</link><description/></item>
<item><title/><link>	https://stg.cesium.di.uminho.pt/mon/video-ven-e-us.en_tv23.html	</link><description/></item>
<item><title/><link>	https://stg.cesium.di.uminho.pt/mon/video-ven-e-us.en_tv24.html	</link><description/></item>
<item><title/><link>	https://stg.cesium.di.uminho.pt/mon/video-ven-e-us.en_tv25.html	</link><description/></item>
<item><title/><link>	https://stg.cesium.di.uminho.pt/mon/video-ven-e-us.en_tv26.html	</link><description/></item>
<item><title/><link>	https://stg.cesium.di.uminho.pt/mon/video-ven-e-us.en_tv27.html	</link><description/></item>
<item><title/><link>	https://stg.cesium.di.uminho.pt/mon/video-ven-e-us.en_tv28.html	</link><description/></item>
<item><title/><link>	https://stg.cesium.di.uminho.pt/mon/video-ven-e-us.en_tv29.html	</link><description/></item>
<item><title/><link>	https://stg.cesium.di.uminho.pt/mon/video-ven-e-us.en_tv30.html	</link><description/></item>
<item><title/><link>	https://stg.cesium.di.uminho.pt/mon/video-ven-e-us.en_tv31.html	</link><description/></item>
<item><title/><link>	https://stg.cesium.di.uminho.pt/mon/video-ven-e-us.en_tv32.html	</link><description/></item>
<item><title/><link>	https://stg.cesium.di.uminho.pt/mon/video-ven-e-us.en_tv33.html	</link><description/></item>
<item><title/><link>	https://stg.cesium.di.uminho.pt/mon/video-ven-e-us.en_tv34.html	</link><description/></item>
<item><title/><link>	https://stg.cesium.di.uminho.pt/mon/video-ven-e-us.en_tv35.html	</link><description/></item>
<item><title/><link>	https://stg.cesium.di.uminho.pt/mon/video-ven-e-us.en_tv36.html	</link><description/></item>
<item><title/><link>	https://stg.cesium.di.uminho.pt/mon/video-ven-e-us.en_tv37.html	</link><description/></item>
<item><title/><link>	https://stg.cesium.di.uminho.pt/mon/video-ven-e-us.en_tv38.html	</link><description/></item>
<item><title/><link>	https://stg.cesium.di.uminho.pt/mon/video-ven-e-us.en_tv39.html	</link><description/></item>
<item><title/><link>	https://stg.cesium.di.uminho.pt/mon/video-ven-e-us.en_tv40.html	</link><description/></item>
<item><title/><link>	https://stg.cesium.di.uminho.pt/mon/video-ven-e-us.en_tv41.html	</link><description/></item>
<item><title/><link>	https://stg.cesium.di.uminho.pt/mon/video-ven-e-us.en_tv42.html	</link><description/></item>
<item><title/><link>	https://stg.cesium.di.uminho.pt/mon/video-ven-e-us.en_tv43.html	</link><description/></item>
<item><title/><link>	https://stg.cesium.di.uminho.pt/mon/video-ven-e-us.en_tv44.html	</link><description/></item>
<item><title/><link>	https://stg.cesium.di.uminho.pt/mon/video-ven-e-us.en_tv45.html	</link><description/></item>
<item><title/><link>	https://stg.cesium.di.uminho.pt/mon/video-ven-e-us.en_tv46.html	</link><description/></item>
<item><title/><link>	https://stg.cesium.di.uminho.pt/mon/video-ven-e-us.en_tv47.html	</link><description/></item>
<item><title/><link>	https://stg.cesium.di.uminho.pt/mon/video-ven-e-us.en_tv48.html	</link><description/></item>
<item><title/><link>	https://stg.cesium.di.uminho.pt/mon/video-ven-e-us.en_tv49.html	</link><description/></item>
<item><title/><link>	https://stg.cesium.di.uminho.pt/mon/video-ven-e-us.en_tv50.html	</link><description/></item>
<item><title/><link>	https://stg.cesium.di.uminho.pt/mon/video-ven-e-us.en_tv51.html	</link><description/></item>
<item><title/><link>	https://stg.cesium.di.uminho.pt/mon/video-ven-e-us.en_tv52.html	</link><description/></item>
<item><title/><link>	https://stg.cesium.di.uminho.pt/mon/video-ven-e-us.en_tv53.html	</link><description/></item>
<item><title/><link>	https://stg.cesium.di.uminho.pt/mon/video-ven-e-us.en_tv54.html	</link><description/></item>
<item><title/><link>	https://stg.cesium.di.uminho.pt/mon/video-ven-e-us.en_tv55.html	</link><description/></item>
<item><title/><link>	https://stg.cesium.di.uminho.pt/mon/video-ven-e-us.en_tv56.html	</link><description/></item>
<item><title/><link>	https://stg.cesium.di.uminho.pt/mon/video-ven-e-us.en_tv57.html	</link><description/></item>
<item><title/><link>	https://stg.cesium.di.uminho.pt/mon/video-ven-e-us.en_tv58.html	</link><description/></item>
<item><title/><link>	https://stg.cesium.di.uminho.pt/mon/video-ven-e-us.en_tv59.html	</link><description/></item>
<item><title/><link>	https://stg.cesium.di.uminho.pt/mon/video-ven-e-us.en_tv60.html	</link><description/></item>
<item><title/><link>	https://stg.cesium.di.uminho.pt/mon/video-ven-e-us.en_tv61.html	</link><description/></item>
<item><title/><link>	https://stg.cesium.di.uminho.pt/mon/video-ven-e-us.en_tv62.html	</link><description/></item>
<item><title/><link>	https://stg.cesium.di.uminho.pt/mon/video-ven-e-us.en_tv63.html	</link><description/></item>
<item><title/><link>	https://stg.cesium.di.uminho.pt/mon/video-ven-e-us.en_tv64.html	</link><description/></item>
<item><title/><link>	https://stg.cesium.di.uminho.pt/mon/video-ven-e-us.en_tv65.html	</link><description/></item>
<item><title/><link>	https://stg.cesium.di.uminho.pt/mon/video-ven-e-us.en_tv66.html	</link><description/></item>
<item><title/><link>	https://stg.cesium.di.uminho.pt/mon/video-ven-e-us.en_tv67.html	</link><description/></item>
</channel>
</rss>